label,value
군집0,4.695022624434389
그외,2.1870736501329633
